reaction	GPR	score	normalized_score
R_13PPDH2	gene5	245.0	1.0
R_1P2CBXLCYCL	spontaneous	0.0	0.0
R_24DECOAR	gene10086	259.2	1.0
R_2DGLCNRx	gene6190	147.9	0.6
R_2DGLCNRy	gene6190	147.9	0.6
R_2DGULRx	gene6190	147.9	0.6
R_2DGULRy	gene6190	147.9	0.6
R_2INSD	gene2056	214.9	0.8
R_3HAD80	gene6145	102.4	0.4
R_3HPTNCOAR	gene2957	162.15	0.6
R_3PEPTabcpp	((gene10046 and gene12027 and gene2361 and gene6169) or (gene10046 and gene2361 and gene6169) or (gene2361 and gene2364 and gene6169))	188.28000000000003	0.7
R_4ABZGLUH	gene10059	229.2	0.9
R_4HALDD	gene3065	475.3	1.8
R_4HTHRS	gene1207	473.8	1.8
R_4PCP	gene3349	196.8	0.8
R_4PEPTabcpp	((gene10046 and gene12027 and gene2361 and gene6169) or (gene2361 and gene2364 and gene6169))	189.98	0.7
R_5APTNabcpp	(gene12269 and gene3053)	48.760000000000005	0.2
R_5DGLCNR	gene8881	236.9	0.9
R_5DKGR	(gene8875 or gene8881)	232.6	0.9
R_A23XXabc	(gene7506 and gene7510 and gene7512)	276.7	1.1
R_A6PAG	gene10766	163.7	0.6
R_A6PAG2	gene10766	163.7	0.6
R_AACT	gene9399	108.2	0.4
R_AADSACYCL	spontaneous	0.0	0.0
R_AALDCDLsi	spontaneous	0.0	0.0
R_AB6PGH	(gene3646 or gene6886)	493.8	1.9
R_ABG4t2	gene8915	368.2	1.4
R_ABUTD	gene3065	475.3	1.8
R_ACACCT	gene10711	436.4	1.7
R_ACACT1r	gene3394	283.9	1.1
R_ACACT2r	gene3394	283.9	1.1
R_ACALDt	spontaneous	0.0	0.0
R_ACALDtpp	spontaneous	0.0	0.0
R_ACCOAC	((gene12825 and gene6147 and gene6155) or (gene6144 and gene6147 and gene6152) or (gene6147 and gene6152 and gene6155) or (gene6147 and gene6152) or (gene6152 and gene6155) or gene1327 or gene6144 or gene6147)	273.95	1.1
R_ACGApts	((gene11641 and gene9755) or (gene371 and gene9755) or gene9755)	294.1333333333334	1.1
R_ACGAptspp	((gene11096 and gene9755) or (gene11641 and gene9755) or gene11096)	286.06666666666666	1.1
R_ACGK	gene12480	330.9	1.3
R_ACGS	gene12483	411.0	1.6
R_ACHBS	((gene12665 and gene12670) or (gene12665 and gene1708) or gene12665 or gene12670 or gene1708 or gene7138)	347.85	1.3
R_ACKr	gene6363	456.1	1.8
R_ACLS	((gene12665 and gene12670) or (gene12665 and gene1708) or gene12665 or gene12670 or gene1708 or gene7138)	528.1	2.0
R_ACM6PH	gene3096	289.7	1.1
R_ACMANApts	(gene371 or gene9755)	506.5	2.0
R_ACMANAptspp	gene9755	85.82000000000001	0.3
R_ACMUMptspp	(gene11096 and gene9755)	142.22500000000002	0.6
R_ACNAMt2	gene4143	156.8	0.6
R_ACOAD1	gene9095	431.4	1.7
R_ACOAD1fr	(gene2959 or gene2965 or gene2966)	526.2	2.0
R_ACOAD2	gene9095	431.4	1.7
R_ACOAD3	gene9095	431.4	1.7
R_ACOAD4_1	gene9095	431.4	1.7
R_ACOAD5_1	gene9095	431.4	1.7
R_ACOAD6	gene9095	431.4	1.7
R_ACOAD7	gene9095	431.4	1.7
R_ACODA	gene3341	290.8	1.1
R_ACONCt4pp	(gene10160 and gene1240)	134.9333333333333	0.5
R_ACONCtupp	gene10160	103.86666666666667	0.4
R_ACONT	(gene6247 or gene8236)	866.3	3.4
R_ACONTa	gene6247	866.3	3.4
R_ACONTb	gene6247	866.3	3.4
R_ACOTA	gene12475	351.7	1.4
R_ACOXT	gene2464	272.7	1.1
R_ACTD2	gene4170	74.05	0.3
R_ACTD_1	gene6133	232.6	0.9
R_ACTNabc	((gene10468 and gene9238 and gene9245) or gene11279)	240.0	0.9
R_ACTNabc1	(gene10468 and gene9238 and gene9245)	104.0	0.4
R_ADAPAT	gene12475	317.8	1.2
R_ADCL	gene2216	129.0	0.5
R_ADD	gene4724	412.5	1.6
R_ADEt2rpp	gene10427	356.3	1.4
R_ADK1	gene1853	230.7	0.9
R_ADK2	gene1853	222.2	0.9
R_ADK2_1	gene1853	230.7	0.9
R_ADK3	gene1853	230.7	0.9
R_ADK4	gene1853	230.7	0.9
R_ADKd	gene1853	230.7	0.9
R_ADMDC	gene11771	299.7	1.2
R_ADNK1	gene1853	219.5	0.9
R_ADNUC	gene11662	384.4	1.5
R_ADPRDP	gene11186	132.9	0.5
R_ADPRDP_1	gene11186	132.9	0.5
R_ADSELR	gene4480	55.45	0.2
R_ADSL1r	gene802	656.8	2.5
R_ADSL2r	gene802	656.8	2.5
R_ADSS	gene798	350.9	1.4
R_AEPabcpp	gene7572	44.300000000000004	0.2
R_AGDC	gene12325	266.9	1.0
R_AGM3PH	gene3089	156.0	0.6
R_AGM4PCP	gene3349	196.8	0.8
R_AGM4PH	gene3089	156.0	0.6
R_AGMDA	gene5306	256.1	1.0
R_AGMH	gene3089	156.0	0.6
R_AGPAT161	gene1051	117.1	0.5
R_AGPOP	gene1140	605.9	2.4
R_AGPR	gene11148	386.0	1.5
R_AHCYSNS	gene4355	184.9	0.7
R_AHCi	gene4355	173.7	0.7
R_AHGDx	gene11244	102.4	0.4
R_AHMMPS_1	(gene3290 or gene9673)	161.0	0.6
R_AHSERL	gene859	255.4	1.0
R_AHSERL2	(gene11761 or gene4973 or gene859)	566.6	2.2
R_AHSERL4	gene3948	337.4	1.3
R_AI2K	gene5796	553.9	2.1
R_AI2abcpp	(gene5774 and gene5779 and gene5783 and gene5788)	230.15000000000003	0.9
R_AICART	gene493	617.8	2.4
R_AIRC3	gene505	133.3	0.5
R_AIRCr	gene505	139.4	0.5
R_AIRCrb	gene505	141.4	0.5
R_AKGDH	gene4170	158.1	0.6
R_AL4D	gene11897	196.4	0.8
R_ALAALAD	gene1555	288.1	1.1
R_ALAALAabcpp	((gene10044 and gene2348 and gene2352 and gene2364) or (gene2348 and gene2352 and gene2356) or (gene2348 and gene2361 and gene2364) or (gene2352 and gene2356 and gene5483) or (gene2352 and gene2356) or (gene2356 and gene5483))	232.1	0.9
R_ALAALAr	(gene1555 or gene3082)	287.7	1.1
R_ALAGLUabcpp	((gene2348 and gene2352 and gene2356) or (gene2352 and gene2356))	148.76	0.6
R_ALAHISabcpp	((gene2348 and gene2352 and gene2356) or (gene2352 and gene2356))	148.76	0.6
R_ALALEUabcpp	((gene2348 and gene2352 and gene2356) or (gene2352 and gene2356))	148.76	0.6
R_ALAR	(gene538 or gene7045)	293.5	1.1
R_ALATA_D	(gene421 or gene4216)	182.6	0.7
R_ALATA_D2	gene1415	489.2	1.9
R_ALATA_L	(gene2602 or gene6399)	415.6	1.6
R_ALATA_L2	gene1415	489.2	1.9
R_ALATHRabcpp	((gene2348 and gene2352 and gene2356) or (gene2352 and gene2356))	148.76	0.6
R_ALATRPabcpp	((gene2348 and gene2352 and gene2356) or (gene2352 and gene2356))	148.76	0.6
R_ALAabc	((gene3045 and gene3050 and gene3053 and gene3055 and gene3057) or gene298 or gene3073 or gene3074 or gene5001)	305.4	1.2
R_ALAabcpp	(gene12269 and gene3053)	48.760000000000005	0.2
R_ALAt4	(gene3533 or gene6293 or gene8749)	383.6	1.5
R_ALCD2x	gene3060	345.9	1.3
R_ALCD4y	gene3703	500.7	1.9
R_ALDD20x	gene3065	431.0	1.7
R_ALDD2x	gene3065	475.3	1.8
R_ALDD2y	(gene1451 or gene5)	245.0	1.0
R_ALDD3y	gene5	245.0	1.0
R_ALGAC1	gene7859	95.66666666666667	0.4
R_ALGAC2	gene7859	143.5	0.6
R_ALGAC3	gene7859	95.66666666666667	0.4
R_ALGAC4	gene7859	95.66666666666667	0.4
R_ALGAC5	gene7859	95.66666666666667	0.4
R_ALLK	gene9304	171.8	0.7
R_ALLPI	(gene2497 or gene9299)	181.0	0.7
R_ALLULPE	gene9307	225.7	0.9
R_ALLabcpp	(gene9301 and gene9310 and gene9313)	285.26666666666665	1.1
R_ALPHNH	(gene4205 and gene4209)	246.89999999999998	1.0
R_ALR2	gene3824	394.4	1.5
R_ALTRH	(gene11408 or gene3606 or gene8845)	551.2	2.1
R_AM4PCP	gene3349	196.8	0.8
R_AMALT1	gene9525	442.6	1.7
R_AMALT2	gene9525	442.6	1.7
R_AMALT3	gene9525	442.6	1.7
R_AMALT4	gene9525	442.6	1.7
R_AMANAPEr	gene10760	231.5	0.9
R_AMANK	gene4567	105.5	0.4
R_AMANK_1	gene6513	256.1	1.0
R_AMPEP1	gene9255	131.3	0.5
R_AMPEP10	gene9255	131.3	0.5
R_AMPEP11	gene9255	131.3	0.5
R_AMPEP12	gene9255	131.3	0.5
R_AMPEP13	gene9255	131.3	0.5
R_AMPEP14	gene9255	131.3	0.5
R_AMPEP15	gene9255	131.3	0.5
R_AMPEP16	gene9255	131.3	0.5
R_AMPEP17	gene9255	131.3	0.5
R_AMPEP18	gene9255	131.3	0.5
R_AMPEP2	gene9255	131.3	0.5
R_AMPEP3	gene9255	131.3	0.5
R_AMPEP4	gene9255	131.3	0.5
R_AMPEP5	gene9255	131.3	0.5
R_AMPEP6	gene9255	131.3	0.5
R_AMPEP7	gene9255	131.3	0.5
R_AMPEP8	gene9255	131.3	0.5
R_AMPEP9	gene9255	131.3	0.5
R_AMPTASECG	((gene1856 and gene1856 and gene1856) or gene9255)	141.26	0.5
R_ANPRT	gene742	432.6	1.7
R_ANS	(gene742 or gene747)	432.6	1.7
R_ANS2	gene747	389.8	1.5
R_ANTDR	gene3813	859.8	3.3
R_AOBUTDs	spontaneous	0.0	0.0
R_AOXHEXCYCL	spontaneous	0.0	0.0
R_AP3S	gene2896	538.5	2.1
R_APG3PAT120	gene5572	100.5	0.4
R_APG3PAT141	gene5572	100.5	0.4
R_APG3PAT161	gene5572	100.5	0.4
R_APRAUR	gene2084	442.6	1.7
R_APSR	gene4480	55.45	0.2
R_ARAI	gene193	544.7	2.1
R_ARBTpts	((gene11096 and gene9755) or (gene3641 and gene9755) or gene9755)	291.0	1.1
R_ARBTptspp	((gene3641 and gene9755) or (gene3646 and gene9755) or (gene366 and gene9755))	308.90000000000003	1.2
R_ARBabc	(gene5503 and gene7110)	87.43333333333332	0.3
R_ARBt2r	gene4143	156.8	0.6
R_ARGDC	gene11774	434.9	1.7
R_ARGSL	gene11141	479.9	1.9
R_ARGSS	gene11137	498.4	1.9
R_ARGabc	((gene294 and gene5001) or gene298 or gene3073 or gene3074 or gene5001)	305.4	1.2
R_ARGabcpp	((gene300 and gene3074) or gene300 or gene3073)	186.64999999999998	0.7
R_ARNO	gene1774	171.8	0.7
R_ASAD	gene5022	261.2	1.0
R_ASCBpts	(gene7720 and gene9755)	222.825	0.9
R_ASCBptspp	((gene7716 and gene9755) or (gene7725 and gene9755))	107.0	0.4
R_ASNN	(gene1262 or gene8873)	553.5	2.1
R_ASNS1	(gene11878 or gene1262 or gene7767)	569.7	2.2
R_ASNabc	(gene298 or gene3073 or gene3074 or gene5001)	305.4	1.2
R_ASNt4	(gene6293 or gene8749)	218.0	0.8
R_ASO3t4pp	gene11515	194.9	0.8
R_ASO4rt2rpp	gene6888	174.1	0.7
R_ASO4t4pp	gene11515	194.9	0.8
R_ASPCT	(gene4679 or gene812)	1224.9	4.8
R_ASPK	gene6461	380.2	1.5
R_ASPO2	gene2129	488.4	1.9
R_ASPO2y	gene2129	488.4	1.9
R_ASPT	(gene7692 or gene8430)	588.6	2.3
R_ASPTA	gene10063	282.3	1.1
R_ASPabc	((gene3074 and gene5001) or gene298 or gene3073 or gene3074 or gene5001)	305.4	1.2
R_ASPabcpp	(gene12269 or gene3073)	66.55	0.3
R_ATPHs	spontaneous	0.0	0.0
R_ATPPRT	gene906	270.0	1.0
R_ATPS4rpp	(gene3995 and gene4004 and gene4007 and gene4010 and gene4013 and gene4015 and gene4020 and gene4024 and gene6366 and gene6367 and gene6370 and gene6375 and gene6378 and gene6381 and gene6386)	389.7	1.5
R_AXXabc	(gene7506 and gene7510 and gene7512)	276.7	1.1
R_AXabc	(gene7506 and gene7510 and gene7512)	276.7	1.1
R_Acabc	gene948	745.7	2.9
R_BALAALAabcpp	((gene2348 and gene2352 and gene2356) or (gene2352 and gene2356))	148.76	0.6
R_BALABALAabcpp	((gene2348 and gene2352 and gene2356) or (gene2352 and gene2356))	148.76	0.6
R_BALAGLYabcpp	((gene2348 and gene2352 and gene2356) or (gene2352 and gene2356))	148.76	0.6
R_BALALEUabcpp	((gene2348 and gene2352 and gene2356) or (gene2352 and gene2356))	148.76	0.6
R_BCD1	((gene2286 and gene2289 and gene2291 and gene2959 and gene6208 and gene9087 and gene9090) or (gene2289 and gene2959 and gene6208))	433.725	1.7
R_BCD2	((gene2286 and gene2289 and gene2291 and gene2959 and gene9087 and gene9090) or (gene2289 and gene2959 and gene6208))	433.725	1.7
R_BCD3	((gene2286 and gene2289 and gene2291 and gene2959 and gene9087 and gene9090) or (gene2289 and gene2959 and gene6208))	433.725	1.7
R_BCT1_syn	gene2713	26.475	0.1
R_BDH	gene7764	149.1	0.6
R_BGLA	gene145	377.9	1.5
R_BGLA1	(gene3646 or gene6886)	493.8	1.9
R_BGLApp	gene145	360.5	1.4
R_BG_CELLB	gene3646	544.3	2.1
R_BG_MADG	gene3646	544.3	2.1
R_BG_MBDG	gene3646	544.3	2.1
R_BLAMDabcpp	((gene2348 and gene2352 and gene2356) or (gene2352 and gene2356))	148.76	0.6
R_BTNt2i	gene9157	104.4	0.4
R_BUTSO3abcpp	(gene2865 or gene9690 or gene9694)	64.2	0.2
R_BUTdiff	spontaneous	0.0	0.0
R_BZt	spontaneous	0.0	0.0
R_CA2abc	gene3899	650.2	2.5
R_CA2abc1	gene8109	639.0	2.5
R_CARNabcpp	((gene2348 and gene2352 and gene2356) or (gene2352 and gene2356))	148.76	0.6
R_CAT	gene11283	142.9	0.6
R_CBMD	spontaneous	0.0	0.0
R_CBPS	((gene812 and gene817) or gene812 or gene817)	784.0500000000001	3.0
R_CBPS_1	gene812	599.15	2.3
R_CD2abc1	gene5327	669.1	2.6
R_CD6P	gene6480	344.0	1.3
R_CDGUNPD	(gene11308 or gene11704 or gene213)	257.7	1.0
R_CDPMEK	gene6402	208.0	0.8
R_CELBpts	((gene3641 and gene9755) or gene9755)	220.6	0.9
R_CELBt2	gene4143	156.8	0.6
R_CEPA	gene9892	1177.2	4.6
R_CEPA2	gene228	915.6	3.6
R_CEPA3	(gene2015 and gene2015)	573.55	2.2
R_CEPA4	gene2015	600.9	2.3
R_CGLYabcpp	((gene10044 and gene2348 and gene2352 and gene2364) or (gene2348 and gene2352 and gene2356) or (gene2348 and gene2361 and gene2364) or (gene2352 and gene2356))	232.1	0.9
R_CHLabc	((gene10619 and gene4506) or gene10619 or gene4506)	88.06666666666668	0.3
R_CHOLSabc_1	gene4506	34.95	0.1
R_CHORM	(gene1748 or gene1778)	413.7	1.6
R_CHORS	gene1754	387.9	1.5
R_CHTBSptspp	gene9755	428.7	1.7
R_CITt4pp_1	(gene10160 and gene1240)	134.9333333333333	0.5
R_CITtupp	gene10160	103.86666666666667	0.4
R_CMCBTFL	gene9735	97.06666666666666	0.4
R_CMCBTFU	gene9735	97.06666666666666	0.4
R_CMCBTFexs	spontaneous	0.0	0.0
R_CMLDC	gene2842	129.8	0.5
R_CMPDAi	gene1579	123.6	0.5
R_CMtexabc	gene5619	45.56666666666666	0.2
R_CO2t	spontaneous	0.0	0.0
R_CO2tex	spontaneous	0.0	0.0
R_CO2tpp	spontaneous	0.0	0.0
R_COBALTt5	(gene10901 or gene5918 or gene5925 or gene7783)	349.7	1.4
R_COabc	((gene4380 and gene4389 and gene4394) or gene12059)	165.86	0.6
R_COt_1	spontaneous	0.0	0.0
R_CPGNexs	spontaneous	0.0	0.0
R_CPPPGO	(gene440 or gene5157)	287.3	1.1
R_CPPPGO2	gene440	299.7	1.2
R_CRNDabcpp	(gene2392 or gene3485)	83.2	0.3
R_CRNabc	gene4506	34.95	0.1
R_CRNabcpp	(gene2392 or gene3485)	83.2	0.3
R_CRO4abcpp	gene2713	28.4	0.1
R_CRO4t3pp	gene726	58.55	0.2
R_CS	gene1620	427.2	1.7
R_CSPMDDC	gene12786	444.9	1.7
R_CSPMDDH	gene12782	511.5	2.0
R_CT6PT	gene6480	344.0	1.3
R_CTBTabc	(gene4506 or gene8525)	112.1	0.4
R_CTBTabcpp	(gene2392 or gene3485)	83.2	0.3
R_CTECOAI6	gene8209	113.2	0.4
R_CTECOAI7	gene8209	113.2	0.4
R_CTECOAI8	gene8209	113.2	0.4
R_CTPS1	gene2439	577.0	2.2
R_CTPS2	gene2439	577.0	2.2
R_CYANt2pp	gene7277	254.2	1.0
R_CYSDS	(gene280 or gene4962 or gene4973 or gene8752)	516.9	2.0
R_CYSLY3	gene3313	294.3	1.1
R_CYSS	(gene3948 or gene4960 or gene4969)	414.1	1.6
R_CYSS_2	gene3948	337.4	1.3
R_CYSTGL	(gene4962 or gene4973)	516.9	2.0
R_CYSTL	gene280	222.6	0.9
R_CYSTS	gene4960	382.1	1.5
R_CYSabc	(gene12137 or gene298 or gene3073 or gene3074 or gene5001)	305.4	1.2
R_CYSabcpp	((gene300 and gene3074 and gene3076) or (gene3073 and gene3074 and gene3076))	184.13333333333335	0.7
R_CYSt2r	gene4937	314.3	1.2
R_CYTD	gene61	139.8	0.5
R_CYTDK1	gene438	162.5	0.6
R_CYTDK2	gene438	176.4	0.7
R_CYTK1	gene1053	184.9	0.7
R_CYTK2	gene1053	184.9	0.7
R_CYTOM	gene3177	100.5	0.4
R_Cellbabc	(gene7110 and gene7113)	90.89999999999999	0.4
R_Cotpp	spontaneous	0.0	0.0
R_Cuabc	gene1172	713.4	2.8
R_Cut1	gene1172	771.2	3.0
R_DAAOP	gene3337	118.2	0.5
R_DADK	gene1853	230.7	0.9
R_DAPDC	gene4486	519.2	2.0
R_DAPE	gene822	312.0	1.2
R_DASYN120	gene6874	174.5	0.7
R_DASYN140	gene6874	174.5	0.7
R_DASYN160	(gene6874 or gene933)	174.5	0.7
R_DASYN161	gene6874	174.5	0.7
R_DASYN180	gene6874	174.5	0.7
R_DASYN181	gene6874	174.5	0.7
R_DATCY	gene438	162.5	0.6
R_DATPHs	spontaneous	0.0	0.0
R_DATUP	gene438	162.5	0.6
R_DB4PS	gene2093	473.4	1.8
R_DCMPDA	gene1579	123.6	0.5
R_DCTCP	gene438	162.5	0.6
R_DCTPD	gene1579	121.3	0.5
R_DCTUP	gene438	162.5	0.6
R_DCYTD	(gene1579 or gene61)	139.8	0.5
R_DDGLCNt2r	gene11390	348.6	1.4
R_DDGLK	gene8883	269.2	1.0
R_DDPA	(gene1778 or gene9154)	413.7	1.6
R_DDPGA	(gene2170 or gene7841 or gene8886)	175.45	0.7
R_DGK1	gene1314	190.3	0.7
R_DGNSK	gene1314	190.3	0.7
R_DGTCY	gene438	162.5	0.6
R_DGTUP	gene438	162.5	0.6
R_DGUNC	(gene10627 or gene11704 or gene213 or gene4218 or gene5621 or gene5765 or gene5779 or gene5783 or gene6049)	257.7	1.0
R_DHAD1	(gene10141 or gene1150)	646.7	2.5
R_DHAD2	(gene10141 or gene1150)	646.7	2.5
R_DHAK	gene660	181.8	0.7
R_DHAPT	((gene8936 and gene8943 and gene9755) or gene8936 or gene9755)	181.74	0.7
R_DHBD	gene6133	232.6	0.9
R_DHBSZ3FEexs	spontaneous	0.0	0.0
R_DHDPRx_r	gene5019	229.2	0.9
R_DHDPRy	(gene10598 or gene5019)	257.3	1.0
R_DHDPS	(gene10146 or gene1244 or gene5020)	295.4	1.1
R_DHFR	gene9993	241.9	0.9
R_DHFS	gene8593	379.8	1.5
R_DHGLYH	spontaneous	0.0	0.0
R_DHNAOT4	(gene9683 and gene9686)	205.85000000000002	0.8
R_DHNPA_1	gene8590	157.9	0.6
R_DHORD5	((gene8459 and gene8464) or gene8464)	258.25	1.0
R_DHORD6	gene8464	153.9	0.6
R_DHORDi	((gene8459 and gene8464) or gene8464)	241.70000000000002	0.9
R_DHORTS	gene8446	396.0	1.5
R_DHPPDA	gene2084	442.6	1.7
R_DHPS	gene8585	330.5	1.3
R_DHPS2	gene8585	330.5	1.3
R_DHPTDCs	spontaneous	0.0	0.0
R_DHPTDCs2	spontaneous	0.0	0.0
R_DHQS	gene1768	308.5	1.2
R_DHQTi	(gene2316 or gene2675)	994.6	3.9
R_DIPEPabc1	(gene2356 and gene3130 and gene6158 and gene6173)	283.675	1.1
R_DIPEPabc10	(gene2356 and gene3130 and gene6158 and gene6173)	283.675	1.1
R_DIPEPabc12	(gene2356 and gene3130 and gene6158 and gene6173)	283.675	1.1
R_DIPEPabc13	(gene2356 and gene3130 and gene6158 and gene6173)	283.675	1.1
R_DIPEPabc14	(gene2356 and gene3130 and gene6158 and gene6173)	283.675	1.1
R_DIPEPabc15	(gene2356 and gene3130 and gene6158 and gene6173)	283.675	1.1
R_DIPEPabc3	(gene2356 and gene3130 and gene6158 and gene6173)	283.675	1.1
R_DIPEPabc8	(gene2356 and gene3130 and gene6158 and gene6173)	283.675	1.1
R_DKDID	gene2061	360.55	1.4
R_DKGLCNR2x	gene6190	147.9	0.6
R_DKGLCNR2y	gene6190	147.9	0.6
R_DLYSabcpp	(gene300 and gene3076)	103.025	0.4
R_DM1PE	gene2502	232.6	0.9
R_DMATT	gene997	267.3	1.0
R_DMPPS	gene1043	450.3	1.7
R_DMSO2abcpp	gene9694	40.300000000000004	0.2
R_DNMPPA	(gene11517 or gene207)	236.1	0.9
R_DNTPPA	gene207	236.1	0.9
R_DORNabcpp	(gene300 and gene3076)	103.025	0.4
R_DPR	(gene12664 or gene4494 or gene4497)	433.0	1.7
R_DRBK	(gene2152 or gene7493)	148.3	0.6
R_DRBK_1	gene1225	129.4	0.5
R_DRIBabc	(gene7482 and gene7485 and gene7490 and gene7498)	308.9	1.2
R_DRPA	gene58	275.4	1.1
R_DTMPK	gene2201	210.7	0.8
R_DTTGY	gene438	162.5	0.6
R_DTTUP	gene438	162.5	0.6
R_DURIPP	gene63	463.4	1.8
R_DURIPP_1	(gene39 or gene63)	461.1	1.8
R_DUTCP	gene438	162.5	0.6
R_DUTPDP	gene2793	141.0	0.5
R_DUTUP	gene438	162.5	0.6
R_DXPRIi	gene929	331.3	1.3
R_DXPS	gene843	553.5	2.1
R_D_LACt2	gene9067	397.5	1.5
R_E4PD	gene1615	403.3	1.6
R_EAR80x	gene6127	108.6	0.4
R_ECOAH1	gene8209	113.2	0.4
R_ECOAH12	gene8209	104.8	0.4
R_ECOAH2	gene8209	113.2	0.4
R_ECOAH3	gene8209	113.2	0.4
R_ECOAH4	gene8209	113.2	0.4
R_ECOAH5	gene8209	113.2	0.4
R_ECOAH6	gene8209	113.2	0.4
R_ECOAH7	gene8209	113.2	0.4
R_ECOAH8	gene8209	113.2	0.4
R_ECOAH9ir	(gene2953 or gene8209)	250.0	1.0
R_ECTOabcpp	gene300	62.6	0.2
R_EDA	(gene7841 or gene8886)	181.8	0.7
R_EDD	gene1150	636.7	2.5
R_ENO	gene12459	522.3	2.0
R_ETHSO3abcpp	(gene2865 or gene9694)	64.2	0.2
R_ETOHtrpp	spontaneous	0.0	0.0
R_F1PP	gene2747	117.9	0.5
R_F6PP	gene2747	117.9	0.5
R_FACOAL140	gene2283	339.3	1.3
R_FACOAL160	gene2283	339.3	1.3
R_FACOAL161	gene2283	339.3	1.3
R_FACOAL181	gene2283	339.3	1.3
R_FADMQOR	(gene2291 or gene2966)	119.93333333333334	0.5
R_FADt	gene3683	110.5	0.4
R_FALDtpp	spontaneous	0.0	0.0
R_FALGTHLs	spontaneous	0.0	0.0
R_FASC141ACP	gene7764	30.04	0.1
R_FBA	(gene2072 or gene3617 or gene9232)	364.4	1.4
R_FBA2	(gene2072 or gene3617 or gene9232)	352.1	1.4
R_FBA3	(gene2072 or gene3617 or gene9232)	354.8	1.4
R_FBP	(gene2387 or gene2747)	679.5	2.6
R_FCLPA	(gene2529 or gene684)	168.7	0.7
R_FE2abc	(gene310 or gene4296)	249.8	1.0
R_FE2t	(gene115 or gene4296 or gene5918 or gene5925 or gene7783 or gene8322)	844.7	3.3
R_FE2t2pp	(gene10797 or gene10934)	188.3	0.7
R_FE3DCITCH	spontaneous	0.0	0.0
R_FE3DCITexs	spontaneous	0.0	0.0
R_FE3HOXexs	spontaneous	0.0	0.0
R_FE3PYOVDL2	spontaneous	0.0	0.0
R_FE3abc	((gene10855 and gene10855) or (gene606 and gene617) or (gene614 and gene617) or gene12269 or gene606 or gene614 or gene617)	248.8	1.0
R_FE3abcpp	gene9855	55.75	0.2
R_FEDCabc	gene624	20.02	0.1
R_FEENTERexs	spontaneous	0.0	0.0
R_FEOXAMexs	spontaneous	0.0	0.0
R_FESD1s	spontaneous	0.0	0.0
R_FESD2s	spontaneous	0.0	0.0
R_FFSD1r	gene361	614.8	2.4
R_FGFT_1	gene498	182.6	0.7
R_FMNAT	gene6863	167.9	0.7
R_FMNt	gene3683	110.5	0.4
R_FNOR	gene1265	396.7	1.5
R_FNRR3_1	(gene2403 or gene9249)	315.5	1.2
R_FOLD3	gene8585	299.3	1.2
R_FRROX	gene1262	567.0	2.2
R_FRTT	(gene1476 or gene9663 or gene997)	267.3	1.0
R_FRUK	(gene339 or gene9532)	174.1	0.7
R_FRULYSE	gene9814	320.9	1.2
R_FRULYSK	gene9800	215.7	0.8
R_FRULYSt2pp	gene9805	460.3	1.8
R_FRUpts	((gene333 and gene9755) or gene9755)	186.53333333333333	0.7
R_FRUpts2	gene333	35.833333333333336	0.1
R_FRUpts2pp	gene9755	85.82000000000001	0.3
R_FRUptspp	((gene334 and gene9755) or (gene334 and gene9771) or gene334)	209.825	0.8
R_FTHFLi	gene6224	719.5	2.8
R_FUM	((gene12424 and gene5922) or gene5922)	257.15	1.0
R_G1PACT	gene8690	223.4	0.9
R_G1PP	gene2747	117.9	0.5
R_G3PAT120	gene10316	284.6	1.1
R_G3PAT161	gene10316	284.6	1.1
R_G3PD1ir	(gene2508 or gene2684)	354.0	1.4
R_G3PD2	gene2684	162.2	0.6
R_G5SADs	spontaneous	0.0	0.0
R_G5SD	gene6844	434.5	1.7
R_G6PDA	gene12328	278.1	1.1
R_G6PI	gene1370	543.5	2.1
R_G6PI3	gene1370	530.0	2.1
R_GAL6PI	gene6216	69.9	0.3
R_GALCTLO	gene9443	233.0	0.9
R_GALCTND	gene7825	401.0	1.6
R_GALK2	gene7801	110.2	0.4
R_GALKr	gene7801	114.0	0.4
R_GALM1	gene10826	274.2	1.1
R_GALM2	(gene1034 or gene10826)	274.2	1.1
R_GALMAN4	gene8923	97.75	0.4
R_GALMAN4abc	(gene2356 and gene2364 and gene5474)	173.48	0.7
R_GALMAN6	gene8923	97.75	0.4
R_GALMAN6abc	(gene2356 and gene2364 and gene5474)	173.48	0.7
R_GALS3	gene6897	329.7	1.3
R_GALT	gene7797	268.1	1.0
R_GALTpts	((gene2536 and gene656) or (gene7831 and gene9755) or gene656 or gene7831 or gene9755)	214.95	0.8
R_GALTptspp	gene9755	85.82000000000001	0.3
R_GALURt2rpp	(gene5071 and gene8842)	174.23333333333335	0.7
R_GALUi	gene4658	312.8	1.2
R_GALabc	((gene12343 and gene8339) or (gene168 and gene171 and gene177 and gene180 and gene45 and gene47) or gene7021)	347.43333333333334	1.3
R_GALabcpp	((gene7014 and gene7019 and gene7021) or (gene7014 and gene7021))	357.6000000000001	1.4
R_GALpts	gene9755	111.8	0.4
R_GALt2_3	gene4143	156.8	0.6
R_GAMpts	((gene11641 and gene9755) or gene9755)	285.53333333333336	1.1
R_GAMptspp	gene9755	85.82000000000001	0.3
R_GAPD	gene1615	412.9	1.6
R_GARFT	gene498	183.3	0.7
R_GART	gene498	182.6	0.7
R_GBBTNabc	gene4506	34.95	0.1
R_GCALDD	gene3065	475.3	1.8
R_GCCa	((gene4179 and gene4185 and gene4191) or (gene4179 and gene4185) or gene4185)	458.95	1.8
R_GCCa_1	(gene4179 and gene4191)	214.93333333333337	0.8
R_GCCb	(gene4185 or gene4192)	377.5	1.5
R_GCCb_1	(gene4191 and gene4192)	209.7	0.8
R_GCCc	((gene4179 and gene4185 and gene4191) or (gene4179 and gene4185) or gene4170)	261.325	1.0
R_GCCc_1	gene4191	61.8	0.2
R_GDH1	gene4450	482.3	1.9
R_GDPDPK	gene446	608.6	2.4
R_GDPDPKE	gene446	608.6	2.4
R_GF6PTA	gene9784	679.1	2.6
R_GGTT	(gene9663 or gene997)	267.3	1.0
R_GHAa23xx	gene4048	578.9	2.2
R_GHAax	gene4048	578.9	2.2
R_GHAaxx	gene4048	578.9	2.2
R_GHAxa23xx	gene4048	578.9	2.2
R_GHAxax	gene4048	578.9	2.2
R_GHAxaxx	gene4048	289.45	1.1
R_GHMT2r	gene1415	533.1	2.1
R_GK1	gene1314	192.2	0.7
R_GK2	gene1314	192.2	0.7
R_GLBRAN2	gene1610	682.9	2.6
R_GLBRAN3	gene1610	655.6	2.5
R_GLCADpts	((gene347 and gene366) or gene11096 or gene366)	222.25	0.9
R_GLCAt2	gene4143	156.8	0.6
R_GLCMAN4	gene8923	130.33333333333334	0.5
R_GLCMAN4abc	(gene2356 and gene2364 and gene5474)	173.48	0.7
R_GLCMAN6	gene8923	130.33333333333334	0.5
R_GLCMAN6abc	(gene2356 and gene2364 and gene5474)	173.48	0.7
R_GLCNt2r	gene9284	273.5	1.1
R_GLCP3	gene9500	574.7	2.2
R_GLCP4	gene9500	574.7	2.2
R_GLCURt2rpp	(gene5071 and gene8842)	174.23333333333335	0.7
R_GLCabc	((gene11817 and gene154) or (gene12343 and gene8339) or gene3679 or gene7113)	87.16666666666667	0.3
R_GLCabcpp	((gene7014 and gene7019 and gene7021) or (gene7014 and gene7021) or gene4042)	357.6000000000001	1.4
R_GLCpts	((gene371 and gene371 and gene9755) or (gene371 and gene9755) or gene11096 or gene3641 or gene366 or gene9755)	360.825	1.4
R_GLCptspp	((gene11096 and gene9755) or gene11096 or gene9755)	142.22500000000002	0.6
R_GLGC	(gene1602 or gene1607)	428.7	1.7
R_GLNS	gene6731	482.3	1.9
R_GLNS_1	gene8146	662.9	2.6
R_GLNabc	(gene12269 or gene298 or gene3073 or gene3074 or gene5001 or gene5649)	305.4	1.2
R_GLNabcpp	((gene300 and gene3074) or gene3073)	186.64999999999998	0.7
R_GLS	gene145	377.9	1.5
R_GLS2	gene145	377.9	1.5
R_GLTPD	gene6564	293.9	1.1
R_GLU5K	gene6850	226.5	0.9
R_GLUDxi	gene4450	488.4	1.9
R_GLUDy	gene4450	500.7	1.9
R_GLUKA_1	(gene10766 or gene10828)	200.3	0.8
R_GLUN	(gene1262 or gene793 or gene812 or gene817)	1224.9	4.8
R_GLUPRT	gene807	473.0	1.8
R_GLUSx	((gene8150 and gene8155 and gene8160 and gene8161 and gene8166) or gene1262)	553.5	2.1
R_GLUSy	((gene1262 and gene8155) or (gene4101 and gene8155) or gene1262)	583.35	2.3
R_GLUTRS	gene10116	590.5	2.3
R_GLUabc	((gene3074 and gene5001) or gene298 or gene3073 or gene3074 or gene5001)	305.4	1.2
R_GLUabcpp	(gene12269 or gene3073)	66.55	0.3
R_GLUt4	gene4453	269.6	1.0
R_GLUt4pp	gene4453	275.8	1.1
R_GLYALDDr	gene3065	475.3	1.8
R_GLYALDt	gene8953	114.8	0.4
R_GLYBabc	((gene10619 and gene4506) or (gene12578 and gene3485 and gene3491) or (gene3485 and gene3491) or gene10619 or gene3491 or gene4506 or gene8525)	302.6333333333334	1.2
R_GLYBabcpp	(gene12578 or gene3485 or gene4506)	83.2	0.3
R_GLYC3Pabc	(gene11811 or gene7110)	64.83333333333333	0.3
R_GLYCDx	(gene10163 or gene4774)	396.4	1.5
R_GLYCK	gene6680	299.7	1.2
R_GLYCK2	gene6680	293.5	1.1
R_GLYCL	((gene4170 and gene4191) or (gene4179 and gene4185 and gene4191 and gene4192) or (gene4179 and gene4185 and gene4192) or gene4170 or gene4191)	272.3	1.1
R_GLYCLTDx	(gene6190 or gene8207)	193.4	0.8
R_GLYCLTDy	gene6190	147.9	0.6
R_GLYCL_2	gene4192	306.6	1.2
R_GLYCTO1	gene4921	308.9	1.2
R_GLYCTO3	gene4921	148.85	0.6
R_GLYCYSAP	gene9255	131.3	0.5
R_GLYCt	gene8953	223.8	0.9
R_GLYCtpp	spontaneous	0.0	0.0
R_GLYGLNabcpp	((gene2348 and gene2352 and gene2356) or (gene2352 and gene2356))	148.76	0.6
R_GLYGLUabcpp	((gene2348 and gene2352 and gene2356) or (gene2352 and gene2356))	148.76	0.6
R_GLYGLYabcpp	((gene2348 and gene2352 and gene2356) or (gene2352 and gene2356))	148.76	0.6
R_GLYK	gene8947	678.7	2.6
R_GLYK1	gene8947	644.8	2.5
R_GLYLEUAP	gene9255	131.3	0.5
R_GLYMETabcpp	((gene2348 and gene2352 and gene2356) or (gene2352 and gene2356))	148.76	0.6
R_GLYPHEAP	gene9255	131.3	0.5
R_GLYPHEabcpp	((gene2348 and gene2352 and gene2356) or (gene2352 and gene2356))	148.76	0.6
R_GLYSERabcpp	((gene2348 and gene2352 and gene2356) or (gene2352 and gene2356))	148.76	0.6
R_GLYTYRAP	gene9255	131.3	0.5
R_GLYabc	(gene298 or gene3073 or gene3074 or gene5001)	305.4	1.2
R_GLYabcpp	gene3073	66.55	0.3
R_GLYt4	(gene3533 or gene6293 or gene8749)	346.7	1.3
R_GMPS	gene793	650.6	2.5
R_GMPS2	gene793	697.6	2.7
R_GNNUC	gene11662	384.4	1.5
R_GRTT	(gene1476 or gene997)	267.3	1.0
R_GTHPi	gene7931	203.0	0.8
R_GTHRDH_syn	gene9276	565.1	2.2
R_GTHRDabc2pp	gene5819	232.3	0.9
R_GTHRDabcpp	(gene10050 and gene2356 and gene5483)	159.525	0.6
R_GTHRDt2_1	(gene12137 or gene5001 or gene5478)	146.95	0.6
R_GTPCI	gene8580	152.1	0.6
R_GTPCII	gene2093	473.4	1.8
R_GTPDPK	gene446	609.4	2.4
R_GTPDPK_1	gene446	568.5	2.2
R_GTPHs	spontaneous	0.0	0.0
R_GUACYC	(gene10627 or gene5593 or gene5765)	223.0	0.9
R_GUAPRT	gene3004	211.8	0.8
R_GUAt	gene5928	409.1	1.6
R_GUAt2pp	gene10427	337.0	1.3
R_GUAt2r	gene10427	321.2	1.2
R_GUI1	gene8832	524.2	2.0
R_GUI2	gene8832	524.2	2.0
R_GalMr	gene10826	274.2	1.1
R_GalMr_2	gene1034	154.8	0.6
R_H2CD	(gene2269 and gene3365 and gene3367)	342.9666666666667	1.3
R_H2CO3D2	spontaneous	0.0	0.0
R_H2CT	gene2279	325.5	1.3
R_H2O2tex	spontaneous	0.0	0.0
R_H2Ot	spontaneous	0.0	0.0
R_H2Otex	spontaneous	0.0	0.0
R_H2Otpp	spontaneous	0.0	0.0
R_H2SO	spontaneous	0.0	0.0
R_H2St1	spontaneous	0.0	0.0
R_H2St1pp	spontaneous	0.0	0.0
R_H2tpp	spontaneous	0.0	0.0
R_HACD1i	gene2957	292.7	1.1
R_HACD2_nadp	gene2957	162.15	0.6
R_HACD9	gene6133	232.6	0.9
R_HAMR	(gene10989 or gene91)	767.7	3.0
R_HBCH	gene2953	250.0	1.0
R_HBCHLR	gene2953	250.0	1.0
R_HBCO_nadp	gene2957	292.7	1.1
R_HCITS	(gene9395 or gene9399)	236.1	0.9
R_HCO3E	spontaneous	0.0	0.0
R_HCO3abc	gene2325	43.13333333333333	0.2
R_HCYSMT	(gene1155 or gene5876)	703.0	2.7
R_HETZK	gene256	144.4	0.6
R_HEX1	(gene10766 or gene10828 or gene7937)	216.9	0.8
R_HEX4	gene10766	163.7	0.6
R_HEX7	gene421	182.6	0.7
R_HEXTT	gene9663	80.1	0.3
R_HHDDI	gene11765	166.4	0.6
R_HICITD	gene9399	108.2	0.4
R_HISGLYabcpp	((gene2348 and gene2352 and gene2356) or (gene2352 and gene2356))	148.76	0.6
R_HISHISabcpp	((gene2348 and gene2352 and gene2356) or (gene2352 and gene2356))	148.76	0.6
R_HISTD	gene902	478.8	1.9
R_HISTP	(gene10983 or gene898)	226.9	0.9
R_HISabc	(gene298 or gene300 or gene3073 or gene3074 or gene5001)	305.4	1.2
R_HISabcpp	(gene300 or gene3073)	66.55	0.3
R_HMGL	gene2470	366.7	1.4
R_HMPK1	gene6176	260.4	1.0
R_HMPK2	gene6176	260.4	1.0
R_HMPK3	gene6176	260.4	1.0
R_HMPK4	gene6176	260.4	1.0
R_HMR_3951	gene8227	233.0	0.9
R_HPPK	(gene8580 or gene8590)	157.9	0.6
R_HPPK2	gene8590	153.3	0.6
R_HPPK2_1	gene8590	155.6	0.6
R_HPYRRx	(gene3690 or gene6190 or gene8207)	193.4	0.8
R_HPYRRy	(gene3690 or gene6190)	186.8	0.7
R_HSDxi	gene6469	264.6	1.0
R_HSDy	gene6469	268.5	1.0
R_HSERTA	(gene11761 or gene9348)	561.6	2.2
R_HSK	gene6466	238.8	0.9
R_HSST	gene9348	395.2	1.5
R_HSTPT	gene900	220.7	0.9
R_HXAND	((gene11290 and gene4118) or gene4110 or gene4118)	233.03333333333333	0.9
R_HXANt2pp	gene10427	337.0	1.3
R_HXANt2r	gene10427	321.2	1.2
R_HXAdiff	spontaneous	0.0	0.0
R_HXPRT	gene3004	211.8	0.8
R_Hnd	gene5317	720.3	2.8
R_IBTdiff	spontaneous	0.0	0.0
R_ICCT	gene2279	325.5	1.3
R_ICDHyr	gene6258	489.6	1.9
R_ICHORT	gene4308	157.1	0.6
R_ICITt4pp	(gene10160 and gene1240)	134.9333333333333	0.5
R_ICITtupp	gene10160	103.86666666666667	0.4
R_ID6P	gene6480	344.0	1.3
R_IG3PS	((gene1378 and gene1382) or gene1378 or gene1382)	317.0	1.2
R_IG3PS_1	gene1378	294.7	1.1
R_IGPDH	gene898	199.1	0.8
R_IGPS	gene739	214.5	0.8
R_ILETA	gene9846	348.6	1.4
R_ILEabc	((gene3045 and gene3050 and gene3053 and gene3055 and gene3057) or gene298 or gene3073 or gene3074 or gene5001)	305.4	1.2
R_ILEabcpp	((gene12269 and gene3053) or gene3053 or gene3057 or gene3073)	66.55	0.3
R_IMPD	gene6277	812.8	3.2
R_INOSR	gene2041	242.3	0.9
R_INOSTt4pp	gene707	476.1	1.8
R_INS2D	gene2054	140.6	0.5
R_INSCR	(gene2061 and gene2070)	198.28	0.8
R_INSH	gene11662	384.4	1.5
R_INSTabc	gene10855	60.275	0.2
R_IPDPS	gene1043	450.3	1.7
R_IPMD	gene2692	400.2	1.6
R_IPPMIa	((gene2696 and gene2700) or (gene8232 and gene8236) or gene8232 or gene8236)	414.65	1.6
R_IPPMIb	((gene2696 and gene2700) or (gene8232 and gene8236) or gene8232 or gene8236)	414.65	1.6
R_IPPS	(gene2705 or gene9399)	484.6	1.9
R_ISETACabcpp	(gene2865 or gene9690 or gene9694)	64.2	0.2
R_IT6PT	gene9532	160.6	0.6
R_ITCY	gene438	162.5	0.6
R_KARA1	gene12664	467.2	1.8
R_KARA2	gene12664	467.2	1.8
R_KARI_1	gene12664	432.6	1.7
R_KARI_23dhmp_1	gene12664	432.6	1.7
R_KAS13	((gene6128 and gene6133 and gene6140 and gene6145) or (gene6128 and gene6133 and gene6140))	158.81666666666666	0.6
R_KAS17	((gene6128 and gene6133 and gene6140 and gene6145) or (gene6128 and gene6133 and gene6140))	158.81666666666666	0.6
R_KAS2	((gene6128 and gene6133 and gene6140 and gene6145) or (gene6128 and gene6133 and gene6140))	158.81666666666666	0.6
R_KAS7	((gene6128 and gene6133 and gene6140 and gene6145) or (gene6128 and gene6133 and gene6140))	158.81666666666666	0.6
R_KAS8	((gene6128 and gene6133 and gene6140 and gene6145) or (gene6128 and gene6133 and gene6140))	169.62	0.7
R_KAT33	gene3394	283.9	1.1
R_Kt1	((gene10603 and gene10606) or gene3554)	186.2	0.7
R_Kt2r	gene11585	314.3	1.2
R_LAAF	gene4048	576.6	2.2
R_LACLt2	gene9067	421.4	1.6
R_LACZpp	gene145	367.9	1.4
R_LCADi	gene3065	475.3	1.8
R_LCARS	gene3065	431.0	1.7
R_LCTSabc	((gene6345 and gene6348 and gene6352) or gene7113)	188.96666666666667	0.7
R_LCYSTabcpp	gene2865	64.2	0.2
R_LDAPAT	gene820	523.9	2.0
R_LDH_D	(gene5291 or gene6291)	443.4	1.7
R_LDH_L	(gene319 or gene9944)	357.5	1.4
R_LEULEUabcpp	((gene2348 and gene2352 and gene2356) or (gene2352 and gene2356))	148.76	0.6
R_LEUTA	gene9846	348.6	1.4
R_LEUabc	((gene3045 and gene3050 and gene3053 and gene3055 and gene3057) or gene298 or gene3073 or gene3074 or gene5001)	305.4	1.2
R_LEUabcpp	((gene12269 and gene3053) or gene3053 or gene3057 or gene3073)	66.55	0.3
R_LIPAMPL	gene4176	228.8	0.9
R_LIPATPT	gene4176	228.8	0.9
R_LMN2	gene145	377.9	1.5
R_LMN2abc	(gene12343 and gene8339)	87.16666666666667	0.3
R_LTHRK	gene1283	245.0	1.0
R_LYSAM	gene3079	414.8	1.6
R_LYSDC	(gene11774 or gene3771)	403.7	1.6
R_LYSabc	(gene298 or gene3073 or gene3074 or gene5001)	305.4	1.2
R_LYSabcpp	((gene300 and gene3074) or (gene300 and gene3076) or gene300)	186.64999999999998	0.7
R_LacR	(gene319 or gene3614)	276.6	1.1
R_M1PD	(gene10868 or gene9765)	275.0	1.1
R_MACCOAT	gene2948	488.8	1.9
R_MAK	gene8346	214.5	0.8
R_MAL6PG	gene361	596.7	2.3
R_MALT	(gene5510 or gene9525)	620.9	2.4
R_MALTHPabc	gene3679	48.800000000000004	0.2
R_MALTHXabc	(gene2922 and gene8335 and gene8336 and gene8339)	264.125	1.0
R_MALTTRabc	((gene12343 and gene8339) or (gene2922 and gene8335 and gene8336 and gene8339) or gene8339)	264.125	1.0
R_MALTTTRabc	(gene12343 and gene8339)	87.16666666666667	0.3
R_MALTabc	((gene11817 and gene154) or (gene12343 and gene8339) or (gene5528 and gene5531) or (gene7286 and gene8335 and gene8339) or (gene8335 and gene8336 and gene8339) or gene2922 or gene3679 or gene7113 or gene8339)	416.8	1.6
R_MALTpts	((gene371 and gene371 and gene9755) or gene366 or gene9755)	360.825	1.4
R_MALTptspp	((gene11096 and gene9755) or gene11096)	142.22500000000002	0.6
R_MALTt2	gene4143	156.8	0.6
R_MALt3r	(gene3909 or gene6303)	166.0	0.6
R_MAN1PT	(gene2342 or gene7543)	197.6	0.8
R_MAN1PT2	(gene2342 or gene7543)	197.6	0.8
R_MAN6PI	(gene7543 or gene9988)	214.9	0.8
R_MANA1	gene8923	391.0	1.5
R_MANA2	gene8923	391.0	1.5
R_MANA3	gene8923	391.0	1.5
R_MANAO	gene6585	598.6	2.3
R_MANGLYCptspp	(gene333 and gene9755)	178.96666666666667	0.7
R_MANpts	((gene333 and gene9755) or (gene371 and gene9755) or gene333 or gene9755)	234.2	0.9
R_MANptspp	gene9755	85.82000000000001	0.3
R_MANt2	gene4143	156.8	0.6
R_MB2CFO	gene2959	526.2	2.0
R_MCBTFUexs	spontaneous	0.0	0.0
R_MCCC	gene3378	87.25	0.3
R_MCOATA	gene6128	180.3	0.7
R_MCTP1App	gene3861	205.7	0.8
R_MCTP1Bpp	gene3861	205.7	0.8
R_MCTP2App	gene3861	205.7	0.8
R_MDDCP1pp	(gene1337 or gene1519 or gene3119)	168.3	0.7
R_MDDCP2pp	(gene1337 or gene1519 or gene3119)	168.3	0.7
R_MDDCP3pp	(gene1337 or gene1519 or gene3119)	168.3	0.7
R_MDDCP4pp	(gene1337 or gene1519 or gene3119)	168.3	0.7
R_MDDCP5pp	(gene1337 or gene1519 or gene3119)	168.3	0.7
R_MDDEP1pp	gene3160	106.7	0.4
R_MDDEP2pp	gene3160	106.7	0.4
R_MDDEP3pp	gene3160	106.7	0.4
R_MDDEP4pp	gene3160	106.7	0.4
R_MDH	(gene11244 or gene319 or gene9944)	357.5	1.4
R_ME1	gene6307	442.2	1.7
R_ME2	gene6307	447.6	1.7
R_MECDPDH2	gene924	372.9	1.4
R_MECDPDH3_syn	gene924	391.7	1.5
R_MECDPS	gene3319	192.6	0.7
R_MELIBabc	(gene12343 and gene8339)	87.16666666666667	0.3
R_MEOHtex	spontaneous	0.0	0.0
R_MEOHtrpp	spontaneous	0.0	0.0
R_MEPCT	gene3322	156.4	0.6
R_METAT	gene1075	533.5	2.1
R_METB1	gene4973	274.2	1.1
R_METDabc	((gene4924 and gene4930 and gene4931) or (gene4930 and gene4931) or (gene4931 and gene4949) or gene12657 or gene3073 or gene4931 or gene4953)	201.5666666666667	0.8
R_METDabcpp	((gene2918 and gene4949) or (gene4924 and gene4930 and gene4931) or (gene4924 and gene4931) or (gene4930 and gene4931 and gene4957) or (gene4930 and gene4931))	219.75	0.9
R_METGL	gene4973	286.2	1.1
R_METOX1s	spontaneous	0.0	0.0
R_METOX2s	spontaneous	0.0	0.0
R_METS	(gene1155 or gene1568)	746.5	2.9
R_METSOXR1	((gene4480 and gene9151) or gene4480 or gene9151)	132.85000000000002	0.5
R_METSOXR2	((gene4480 and gene9151) or gene4480 or gene9151)	141.55	0.5
R_METSR_S1	gene12839	300.1	1.2
R_METSRabc	(gene3073 or gene4931)	106.83333333333333	0.4
R_METSabc	(gene3073 or gene4931)	106.83333333333333	0.4
R_METabc	((gene4924 and gene4930 and gene4931) or (gene4930 and gene4931) or (gene4931 and gene4949) or gene298 or gene3073 or gene3074 or gene4931 or gene4949 or gene5001)	305.4	1.2
R_METabcpp	((gene2918 and gene4949) or (gene4924 and gene4930 and gene4931) or (gene4924 and gene4931) or (gene4930 and gene4931 and gene4957) or (gene4930 and gene4931) or gene3073)	219.75	0.9
R_MG2uabcpp	gene8109	592.4	2.3
R_MGSA	(gene10896 or gene3855 or spontaneous)	156.4	0.6
R_MGt2pp	gene10901	192.2	0.7
R_MGt5	(gene10901 or gene5918 or gene5925 or gene7783)	349.7	1.4
R_MHPGLUT	gene7591	908.7	3.5
R_MLDEP1pp	gene3160	105.5	0.4
R_MLDEP2pp	gene3160	105.5	0.4
R_MLG	gene3937	167.9	0.7
R_MLTG1	gene5510	620.9	2.4
R_MLTG2	gene5510	620.9	2.4
R_MLTG3	gene5510	620.9	2.4
R_MLTG4	gene5510	620.9	2.4
R_MLTG5	gene5510	620.9	2.4
R_MLTG6	gene5510	620.9	2.4
R_MLTGY1pp	gene7920	125.2	0.5
R_MLTGY2pp	gene7920	125.2	0.5
R_MLTGY3pp	gene7920	125.2	0.5
R_MLTGY4pp	gene7920	125.2	0.5
R_MLTP1	(gene2771 or gene9500)	664.1	2.6
R_MLTP2	(gene2771 or gene9500)	664.1	2.6
R_MLTP3	(gene2771 or gene9500)	664.1	2.6
R_MMSAD1	gene2079	406.0	1.6
R_MMSAD2	gene2079	406.0	1.6
R_MMSAD3	gene2079	426.8	1.7
R_MMSDHir	gene2079	406.0	1.6
R_MMTSAO	gene2079	401.7	1.6
R_MN6PP	gene2747	117.9	0.5
R_MNLpts	((gene9755 and gene9771 and gene9773) or (gene9755 and gene9778) or (gene9771 and gene9778) or gene9755)	318.95	1.2
R_MNLptspp	((gene9755 and gene9778) or gene9755 or gene9778)	307.0	1.2
R_MNNH	(gene10149 or gene6578)	459.5	1.8
R_MNabc	((gene6604 and gene6608 and gene6613) or gene872)	535.4	2.1
R_MNt2	(gene10934 or gene1691 or gene8140)	204.1	0.8
R_MNt2pp	(gene10797 or gene10934)	188.3	0.7
R_MOBDabc	((gene4058 and gene4063 and gene4065 and gene630) or (gene4058 and gene4063 and gene4065) or gene630)	236.12499999999997	0.9
R_MOBDabcpp	(gene2325 or gene2713 or gene4058)	122.85	0.5
R_MPTG	(gene5881 or gene5898)	311.6	1.2
R_MPTG2	gene5898	49.800000000000004	0.2
R_MSO3abcpp	(gene2865 or gene9694)	64.2	0.2
R_MS_1	gene1415	480.3	1.9
R_MTAN	gene4355	184.9	0.7
R_MTHFC	gene845	320.5	1.2
R_MTHFD	gene845	320.5	1.2
R_MTHFR3	gene7588	265.4	1.0
R_MTHTHFSs	spontaneous	0.0	0.0
R_MTI	gene8346	216.5	0.8
R_N2Otpp	spontaneous	0.0	0.0
R_NABTNO	gene3065	431.0	1.7
R_NACHY	gene11302	67.6	0.3
R_NADDP	gene5656	316.2	1.2
R_NADDPp_1	gene1038	589.7	2.3
R_NADH4	gene12319	251.1	1.0
R_NADHHR	(gene1615 or spontaneous)	403.3	1.6
R_NADHHS	(gene1615 or spontaneous)	403.3	1.6
R_NADHXD	gene467	139.4	0.5
R_NADHXE	gene467	139.4	0.5
R_NADK	gene837	168.3	0.7
R_NADPC	gene5608	132.1	0.5
R_NADPHHR	(gene1615 or spontaneous)	403.3	1.6
R_NADPHHS	(gene1615 or spontaneous)	403.3	1.6
R_NADPHQR3	gene5310	150.2	0.6
R_NADPHXD	gene467	139.4	0.5
R_NADPHXE	gene467	139.4	0.5
R_NADS1	gene3525	588.2	2.3
R_NADS2	gene3525	588.2	2.3
R_NAPRT	gene8131	641.7	2.5
R_NAabc	(gene12310 or gene5619)	697.6	2.7
R_NAabcO	gene10873	79.15	0.3
R_NAt3_1	gene9826	257.7	1.0
R_NAt3_2	gene6052	124.8	0.5
R_NDPK1	gene1853	212.6	0.8
R_NDPK2	gene1853	212.6	0.8
R_NDPK3	gene1853	212.6	0.8
R_NDPK4	gene1853	212.6	0.8
R_NDPK5	gene1853	212.6	0.8
R_NDPK6	gene1853	212.6	0.8
R_NDPK7	gene1853	212.6	0.8
R_NDPK8	gene1853	212.6	0.8
R_NFORGLUAH	gene8412	173.7	0.7
R_NH3c	spontaneous	0.0	0.0
R_NH4t	gene140	402.9	1.6
R_NH4tex	spontaneous	0.0	0.0
R_NH4tpp	spontaneous	0.0	0.0
R_NHFRBO	gene95	232.85	0.9
R_NI2uabcpp	((gene5227 and gene5231) or gene10052 or gene5227)	65.16	0.3
R_NIabc	((gene12539 and gene5227) or gene2918)	87.8	0.3
R_NIt5	gene10901	180.6	0.7
R_NMNDA	gene5247	125.9	0.5
R_NNAM	gene3190	153.3	0.6
R_NNATr	gene973	131.3	0.5
R_NNDPR	gene2136	312.4	1.2
R_NO3abc	(gene2861 or gene2865)	70.73333333333333	0.3
R_NO3abcpp	(gene2713 or gene2865)	67.26666666666667	0.3
R_NOVBCNtex	spontaneous	0.0	0.0
R_NOX	((gene2508 and gene6551) or gene9976)	501.5	1.9
R_NOtpp	spontaneous	0.0	0.0
R_NP1_1	gene39	257.7	1.0
R_NPHS	gene2953	250.0	1.0
R_NTD1	gene3760	191.0	0.7
R_NTD12	gene3760	191.0	0.7
R_NTD3	gene3760	191.0	0.7
R_NTD5	gene3760	191.0	0.7
R_NTD6	gene3760	191.0	0.7
R_NTD8	gene3760	191.0	0.7
R_NTP1	gene5176	281.6	1.1
R_NTP3	((gene1091 and gene1095 and gene12149) or gene10526 or gene1095 or gene4528)	860.5	3.3
R_NTP5	gene976	160.2	0.6
R_NTPP1	gene427	197.6	0.8
R_NTPP10	(gene427 or gene976)	197.6	0.8
R_NTPP11	gene976	170.2	0.7
R_NTPP2	gene427	197.6	0.8
R_NTPP3	gene427	197.6	0.8
R_NTPP4	gene427	197.6	0.8
R_NTPP5	gene427	197.6	0.8
R_NTPP6	gene427	197.6	0.8
R_NTPP7	(gene2797 or gene427)	197.6	0.8
R_NTPP8	(gene2797 or gene427)	197.6	0.8
R_NTPP9	(gene427 or gene976)	197.6	0.8
R_NTPTP1	gene1131	226.5	0.9
R_O2XOADOX	gene4170	158.1	0.6
R_O2tex	spontaneous	0.0	0.0
R_O2tpp	spontaneous	0.0	0.0
R_OAADC	(gene2170 or gene6307 or gene8886)	442.2	1.7
R_OAADCS	gene2170	126.46666666666665	0.5
R_OCBT	gene12470	315.8	1.2
R_OCBT_1	gene12470	299.7	1.2
R_OCOAT1	gene10747	335.5	1.3
R_OCOAT2r	gene10747	335.5	1.3
R_OHCUDC2	spontaneous	0.0	0.0
R_OHPBAT	gene1879	364.8	1.4
R_OIVD1r	gene4170	80.125	0.3
R_OIVD2	gene4170	80.125	0.3
R_OIVD3	gene4170	80.125	0.3
R_OMAIS	gene8237	234.2	0.9
R_OMCDC	(gene2692 or spontaneous)	400.2	1.6
R_OMPDC	gene8454	199.5	0.8
R_OPETDC	gene11765	161.4	0.6
R_OPHBDC	gene9676	354.0	1.4
R_OPTCCL	gene11765	166.4	0.6
R_ORNDC	gene11774	403.7	1.6
R_ORNTA	gene12475	317.8	1.2
R_ORNTAC	gene12483	424.9	1.6
R_ORNabcpp	((gene300 and gene3076) or gene300)	103.025	0.4
R_ORPT	gene884	193.7	0.8
R_P5CR	gene5043	174.9	0.7
R_P5CRx	gene5043	174.9	0.7
R_PA120abcpp	(gene4706 or gene5826)	291.2	1.1
R_PA140abcpp	(gene4706 or gene5826)	291.2	1.1
R_PA141abcpp	(gene4706 or gene5826)	291.2	1.1
R_PA160abcpp	(gene4706 or gene5826)	291.2	1.1
R_PA161abcpp	(gene4706 or gene5826)	291.2	1.1
R_PA180abcpp	(gene4706 or gene5826)	291.2	1.1
R_PA181abcpp	(gene4706 or gene5826)	291.2	1.1
R_PAI2T	gene5771	312.0	1.2
R_PANO	gene3065	475.3	1.8
R_PAPPT3	gene5894	215.3	0.8
R_PAPSR	(gene3473 or gene4480 or gene6788)	141.7	0.5
R_PC	gene1321	258.65	1.0
R_PDE1	(gene11704 or gene213)	245.7	1.0
R_PDE4	(gene11704 or gene213)	245.4	1.0
R_PDH	gene4170	293.1	1.1
R_PDHcr	gene4170	310.1	1.2
R_PDX5PS	(gene11401 or gene9290)	297.4	1.2
R_PE120abcpp	(gene4706 or gene5826)	291.2	1.1
R_PE140abcpp	(gene4706 or gene5826)	291.2	1.1
R_PE141abcpp	(gene4706 or gene5826)	291.2	1.1
R_PE160abcpp	(gene4706 or gene5826)	291.2	1.1
R_PE161abcpp	(gene4706 or gene5826)	291.2	1.1
R_PE180abcpp	(gene4706 or gene5826)	291.2	1.1
R_PE181abcpp	(gene4706 or gene5826)	291.2	1.1
R_PEALtabc	gene5619	45.56666666666666	0.2
R_PEAMNO2pp	gene5040	41.3	0.2
R_PEPA	gene2876	116.3	0.5
R_PEPCK_re	gene10420	666.4	2.6
R_PFK	(gene1087 or gene6480)	360.5	1.4
R_PFK_2	(gene1087 or gene6480 or gene9532)	360.5	1.4
R_PFK_3	(gene1087 or gene6480)	360.5	1.4
R_PFK_ppi	gene9572	303.1	1.2
R_PG120abcpp	(gene4706 or gene5826)	291.2	1.1
R_PG140abcpp	(gene4706 or gene5826)	291.2	1.1
R_PG141abcpp	(gene4706 or gene5826)	291.2	1.1
R_PG160abcpp	(gene4706 or gene5826)	291.2	1.1
R_PG161abcpp	(gene4706 or gene5826)	291.2	1.1
R_PG180abcpp	(gene4706 or gene5826)	291.2	1.1
R_PG181abcpp	(gene4706 or gene5826)	291.2	1.1
R_PGAMT	gene4374	459.5	1.8
R_PGCD	(gene1876 or gene2672 or gene3690 or gene4447 or gene6190 or gene648)	414.5	1.6
R_PGCM	(gene11852 or gene6827)	500.4	1.9
R_PGI	gene1370	543.5	2.1
R_PGI1c	gene1370	540.4	2.1
R_PGK	gene4264	487.3	1.9
R_PGL	gene12328	278.1	1.1
R_PGLCNDH	gene6190	146.4	0.6
R_PGLYCP	(gene12583 or gene681)	136.3	0.5
R_PGM	(gene4254 or gene9267)	609.8	2.4
R_PGMT	(gene2010 or gene4254 or gene4374)	605.1	2.3
R_PGMT_2	gene4772	159.5	0.6
R_PGMT_B	gene4772	165.2	0.6
R_PGP120abcpp	(gene4706 or gene5826)	291.2	1.1
R_PGP140abcpp	(gene4706 or gene5826)	291.2	1.1
R_PGP141abcpp	(gene4706 or gene5826)	291.2	1.1
R_PGP160abcpp	(gene4706 or gene5826)	291.2	1.1
R_PGP161abcpp	(gene4706 or gene5826)	291.2	1.1
R_PGP180abcpp	(gene4706 or gene5826)	291.2	1.1
R_PGP181abcpp	(gene4706 or gene5826)	291.2	1.1
R_PGSA120	gene1672	147.9	0.6
R_PGSA140	gene1672	147.9	0.6
R_PGSA160	gene1672	147.9	0.6
R_PGSA161	gene1672	147.9	0.6
R_PGSA180	gene1672	147.9	0.6
R_PGSA181	gene1672	147.9	0.6
R_PHETA1	(gene10063 or gene6399 or gene900)	420.2	1.6
R_PHEabc	(gene298 or gene3073 or gene3074 or gene5001)	305.4	1.2
R_PHEt2r	((gene8971 and gene8971) or gene8971)	181.95	0.7
R_PHHL2	gene3065	475.3	1.8
R_PIabc	((gene5214 and gene5215 and gene5219) or (gene5215 and gene5219) or gene2374 or gene6888)	369.8	1.4
R_PIt2r	gene6888	181.4	0.7
R_PIt2rpp	gene6888	174.1	0.7
R_PMANM	(gene2010 or gene2342 or gene6827)	464.9	1.8
R_PMPK	(gene6176 or gene6728)	260.4	1.0
R_PNP_1	gene39	257.7	1.0
R_PNTK	gene6600	190.7	0.7
R_POR_syn	gene11600	338.0	1.3
R_PPA	(gene1082 or gene10883)	563.9	2.2
R_PPA2	gene1082	134.4	0.5
R_PPANA	gene4475	520.4	2.0
R_PPA_1pp	gene4475	535.8	2.1
R_PPCDC	gene5196	189.5	0.7
R_PPCK	gene10420	666.4	2.6
R_PPCOAC	(gene1327 or gene3378)	232.3	0.9
R_PPDK	gene8684	1215.7	4.7
R_PPGPPDP	gene446	608.6	2.4
R_PPGPPDPE	gene446	608.6	2.4
R_PPIabc	(gene5215 and gene5219)	78.43333333333334	0.3
R_PPK	(gene1084 or gene4357)	575.5	2.2
R_PPK2	(gene1084 or gene4357)	575.5	2.2
R_PPK50_B	gene1084	520.4	2.0
R_PPK50r	gene1084	520.4	2.0
R_PPM	(gene2010 or gene36 or gene8599)	427.2	1.7
R_PPM2	gene36	427.2	1.7
R_PPM2_2	gene36	423.7	1.6
R_PPNCL	gene5196	189.5	0.7
R_PPNCL2	gene5196	180.3	0.7
R_PPNCL3	gene5196	179.1	0.7
R_PPND	gene1774	171.8	0.7
R_PPNDH	gene1748	218.8	0.8
R_PPNDH2	gene2079	389.0	1.5
R_PPPGO	gene1652	103.6	0.4
R_PPTT	gene9663	80.1	0.3
R_PRAGSr	gene489	437.2	1.7
R_PRAIS	gene500	363.2	1.4
R_PRAIS_1	gene500	369.8	1.4
R_PRAIi	gene737	145.6	0.6
R_PRAMPC	(gene891 or gene892)	133.3	0.5
R_PRAMPC_1	gene892	125.6	0.5
R_PRASCSi	gene810	291.6	1.1
R_PRATPP	(gene891 or gene892)	125.6	0.5
R_PRFGCL	gene500	347.8	1.3
R_PRFGS	gene7050	1369.4	5.3
R_PRMICI	gene895	261.9	1.0
R_PROGLYabcpp	((gene10044 and gene2348 and gene2352 and gene2364) or (gene2348 and gene2352 and gene2356) or (gene2348 and gene2361 and gene2364) or (gene2352 and gene2356))	232.1	0.9
R_PROHISGLUtr	(gene3122 and gene3125 and gene3130 and gene6164 and gene6169)	220.1	0.9
R_PROabc	((gene12578 and gene3485 and gene3491) or gene298 or gene3073 or gene3074 or gene3491 or gene5001 or gene8525)	305.4	1.2
R_PROabcpp	(gene2392 or gene3073 or gene3485)	83.2	0.3
R_PROt2r	gene8971	176.0	0.7
R_PROt2rpp	gene8971	188.7	0.7
R_PRPPS	gene8695	410.2	1.6
R_PSCLYSt2pp	gene9805	460.3	1.8
R_PSCVT	gene1760	316.2	1.2
R_PSERT	gene1879	364.8	1.4
R_PSP_L	(gene1287 or gene9838)	302.8	1.2
R_PSURIK	gene13	205.7	0.8
R_PTA2	gene3569	368.2	1.4
R_PTAdiff	spontaneous	0.0	0.0
R_PTAr	gene3569	377.5	1.5
R_PTPATi	gene5868	181.0	0.7
R_PTRCORNt7	gene12043	132.1	0.5
R_PTRCabc	(gene10855 or gene12137 or gene8525 or gene9855)	261.5	1.0
R_PTRCabcpp	(gene10855 or gene12119 or gene8525 or gene9855)	227.3	0.9
R_PUNP1_1	gene39	257.7	1.0
R_PUNP2_1	gene39	257.7	1.0
R_PUNP3_1	gene39	257.7	1.0
R_PUNP4_1	gene39	257.7	1.0
R_PUNP5_1	gene39	257.7	1.0
R_PUNP6_1	gene39	257.7	1.0
R_PUNP7_1	gene39	257.7	1.0
R_PYDAMK	gene6728	189.1	0.7
R_PYDXNK	gene6728	189.1	0.7
R_PYK	gene1140	605.9	2.4
R_PYK2	gene1140	605.9	2.4
R_PYK3	gene1140	605.9	2.4
R_PYK4	gene1140	605.9	2.4
R_PYK5	gene1140	605.9	2.4
R_PYNP1	gene63	479.9	1.9
R_PYNP1_1	gene63	461.1	1.8
R_PYNP2r	gene63	463.4	1.8
R_PYNP2r_1	gene63	461.1	1.8
R_PYOVD2tex	gene11847	72.66666666666667	0.3
R_QULNS	gene2124	342.8	1.3
R_R5PP	gene2747	117.9	0.5
R_RAFFabc	(gene12343 and gene8339)	87.16666666666667	0.3
R_RAFGH	gene6897	321.2	1.2
R_RBFK	gene6863	169.1	0.7
R_RBFSa	((gene2089 and gene2097) or gene2089 or gene2097)	232.6	0.9
R_RBFSb	((gene2089 and gene2097) or gene2097)	225.3	0.9
R_RBK	(gene1225 or gene2152 or gene7493)	162.5	0.6
R_RBK2	gene1225	129.4	0.5
R_RBK_L1	(gene11888 or gene184)	617.5	2.4
R_RBP4E	gene197	289.3	1.1
R_RHCCE	gene5005	147.9	0.6
R_RIBFLVt2	gene1077	151.8	0.6
R_RIBabc	((gene11817 and gene154) or (gene2043 and gene7961) or (gene7482 and gene7485 and gene7490 and gene7498) or (gene7485 and gene7490) or (gene7961 and gene7967) or gene2043 or gene2048 or gene3679 or gene7113)	308.9	1.2
R_RIBabc1	(gene7482 and gene7485 and gene7490 and gene7498)	308.9	1.2
R_RIBabcpp	((gene2043 and gene2051 and gene7498 and gene7961) or (gene2043 and gene7482 and gene7498 and gene7961) or (gene2051 and gene7498 and gene7961) or (gene4751 and gene7498 and gene7967) or (gene9301 and gene9310 and gene9313) or gene7870)	388.3	1.5
R_RMNabc	(gene10046 and gene5474)	133.57999999999998	0.5
R_RNDR1	gene4480	115.9	0.4
R_RNDR2	gene4480	115.9	0.4
R_RNDR3	gene4480	115.9	0.4
R_RNDR4	gene4480	115.9	0.4
R_RNTR1	gene6617	224.9	0.9
R_RNTR2	gene6617	224.9	0.9
R_RNTR2_2	gene3813	859.8	3.3
R_RNTR3	gene6617	224.9	0.9
R_RNTR3_2	gene3813	859.8	3.3
R_RNTR4	gene6617	224.9	0.9
R_RNTR4_2	gene3813	859.8	3.3
R_RPE	gene9179	204.9	0.8
R_RPI	(gene2497 or gene6216 or gene9299)	193.7	0.8
R_S6PG	gene6886	407.9	1.6
R_SALCHS2FEexs	spontaneous	0.0	0.0
R_SALCHS4FEexs	spontaneous	0.0	0.0
R_SALCpts	((gene11096 and gene9755) or (gene3641 and gene9755) or gene9755)	291.0	1.1
R_SAOR	gene6133	232.6	0.9
R_SBP	gene2387	676.8	2.6
R_SBTD_D2	gene664	394.8	1.5
R_SBTpts	gene9755	223.6	0.9
R_SBTptspp	gene9755	85.82000000000001	0.3
R_SBTt2	(gene11885 or gene4143)	186.4	0.7
R_SDPDS	gene217	289.7	1.1
R_SDPTA	(gene12475 or gene2602)	351.7	1.4
R_SELCYSLY3	gene3313	294.3	1.1
R_SELR	gene4110	219.5	0.9
R_SELabcpp	gene9694	40.300000000000004	0.2
R_SELtpp	gene2325	31.775	0.1
R_SERAT	gene1676	218.4	0.8
R_SERD_L	((gene10104 and gene10109) or (gene10104 and gene2142) or gene1716 or gene2146 or gene8752)	405.6	1.6
R_SERGLUGLNtr	(gene3122 and gene3125 and gene3130 and gene6164 and gene6169)	220.1	0.9
R_SERabc	(gene298 or gene3073 or gene3074 or gene5001)	305.4	1.2
R_SHK3Dr	gene1789	149.8	0.6
R_SHSL1	(gene4973 or gene859)	510.8	2.0
R_SHSL2r	(gene11761 or gene4973)	561.6	2.2
R_SHSL4r	gene4973	274.2	1.1
R_SKDH_1	gene1789	146.0	0.6
R_SLCYSS	gene3948	337.4	1.3
R_SLGH	gene445	169.5	0.7
R_SLNTtpp	gene2325	31.775	0.1
R_SO3abcpp	gene2713	28.4	0.1
R_SPMDabc	(gene10855 or gene12137)	244.6	0.9
R_SPMDabcpp	(gene10855 or gene9855)	65.375	0.3
R_SPMS	gene11777	354.0	1.4
R_SPODM	(gene10919 or gene2296)	221.1	0.9
R_SUCR	gene5510	620.9	2.4
R_SUCRt2	gene4143	156.8	0.6
R_SUCpts	((gene3645 and gene9755) or gene9755)	214.95	0.8
R_SUCptspp	(gene11096 and gene9755)	142.225	0.6
R_SULFACabcpp	(gene2865 or gene9694)	64.2	0.2
R_SULabc	(gene2713 or gene7572)	132.9	0.5
R_SULabcpp	(gene2325 or gene2713 or gene9855)	56.15	0.2
R_St	spontaneous	0.0	0.0
R_T2ECR	gene2959	526.2	2.0
R_TAGURr	gene8848	500.4	1.9
R_TAGptspp	gene9755	142.4	0.6
R_TAURabc	((gene2322 and gene2325) or gene2325 or gene2865)	201.8	0.8
R_TAURabcpp	(gene2865 or gene9690 or gene9694)	64.2	0.2
R_TCYNTtpp	spontaneous	0.0	0.0
R_TGBPA	gene2072	174.1	0.7
R_THFAT	gene1415	533.1	2.1
R_THIORDXi	gene4480	61.25	0.2
R_THRA	(gene1415 or gene6283)	489.2	1.9
R_THRA2	gene1415	489.2	1.9
R_THRD_L	(gene1716 or gene7138)	405.6	1.6
R_THRS	gene1207	473.8	1.8
R_THRabc	((gene3045 and gene3050 and gene3053 and gene3055 and gene3057) or gene298 or gene3073 or gene3074 or gene5001)	305.4	1.2
R_THRabcpp	((gene12269 and gene3053) or gene3053)	48.760000000000005	0.2
R_THYMt	gene5928	409.1	1.6
R_THZPSN	gene8423	542.3	2.1
R_THZPSN_1	gene4987	228.4	0.9
R_TKT1	((gene1395 and gene1397) or (gene668 and gene674) or gene1395 or gene2491)	357.04999999999995	1.4
R_TKT2	((gene1395 and gene1397) or (gene668 and gene674) or gene1395 or gene2491)	357.04999999999995	1.4
R_TMDPP	gene63	463.4	1.8
R_TMDS3	gene2198	266.2	1.0
R_TMK	gene2201	210.7	0.8
R_TMPPP	(gene261 or gene6176)	260.4	1.0
R_TNTHAC1	spontaneous	0.0	0.0
R_TNTHAC2	spontaneous	0.0	0.0
R_TPI	(gene2500 or gene4259 or gene4264)	452.6	1.8
R_TRDR	(gene4480 or gene7926 or gene9965)	261.9	1.0
R_TRE6PH	(gene5510 or gene8346)	587.0	2.3
R_TREabc	(gene3679 or gene8339)	48.800000000000004	0.2
R_TREpts	gene9755	152.26666666666668	0.6
R_TREptspp	((gene11096 and gene9755) or gene11096)	142.22500000000002	0.6
R_TRPAS1	gene4973	266.9	1.0
R_TRPAS2	gene8752	256.1	1.0
R_TRPS1	((gene728 and gene732) or gene732)	392.1	1.5
R_TRPS2	gene732	515.0	2.0
R_TRPS3	gene728	269.2	1.0
R_TRPTA	(gene10063 or gene6399)	420.2	1.6
R_TRPabc	(gene298 or gene3073 or gene3074 or gene5001)	305.4	1.2
R_TRPt2r	gene8971	183.3	0.7
R_TSULabc	gene2713	21.5	0.1
R_TSULabcpp	(gene2325 or gene2713)	31.775	0.1
R_TYRTA	(gene10063 or gene6399 or gene900)	420.2	1.6
R_TYRabc	(gene298 or gene3073 or gene3074 or gene5001)	305.4	1.2
R_TYRt2r	gene8971	183.3	0.7
R_UAAGDS	gene6109	347.4	1.3
R_UAG2EMA	(gene4327 or gene8571)	470.3	1.8
R_UAGCVT	(gene5010 or gene5906)	480.3	1.9
R_UAGCVT_1	gene5906	364.8	1.4
R_UAGDP	gene8690	223.4	0.9
R_UAGHD	gene6507	223.4	0.9
R_UAGPT3	(gene3504 or gene5903)	302.8	1.2
R_UAMAGS	gene11695	413.7	1.6
R_UAMAS	gene869	392.9	1.5
R_UAPGR	gene6507	235.7	0.9
R_UDCPDP	(gene6242 or gene8319)	314.3	1.2
R_UDCPDPS	(gene1476 or gene935)	268.9	1.0
R_UDCPDPex	gene6242	115.5	0.4
R_UDPG4E	(gene2326 or gene7794)	446.0	1.7
R_UGMDDS	gene6114	262.7	1.0
R_UM4PCP	gene3349	196.8	0.8
R_UMPK	(gene1053 or gene941)	314.3	1.2
R_UPPRT	gene6211	161.8	0.6
R_URAt	gene5928	409.1	1.6
R_URAt2	gene1400	407.9	1.6
R_URAt2pp	gene1400	443.7	1.7
R_UREASE	gene4205	269.2	1.0
R_URIDK2r	(gene1053 or gene12465 or gene941)	314.3	1.2
R_URIK1	gene438	176.4	0.7
R_URIK2	gene438	176.4	0.7
R_URIK3	gene438	176.4	0.7
R_UT6PT	gene6480	344.0	1.3
R_UTCY	gene438	162.5	0.6
R_UTUP	gene438	162.5	0.6
R_VALTA	gene9846	348.6	1.4
R_VALabc	((gene3045 and gene3050 and gene3053 and gene3055 and gene3057) or gene298 or gene3073 or gene3074 or gene5001)	305.4	1.2
R_VALabcpp	((gene12269 and gene3053) or gene3053 or gene3057 or gene3073)	66.55	0.3
R_VECOAH	gene8209	113.2	0.4
R_VPAMTr	gene9707	334.7	1.3
R_XA23XXabc	(gene7506 and gene7510 and gene7512)	276.7	1.1
R_XAND	(gene11290 and gene4118)	233.03333333333333	0.9
R_XANt3	gene10427	326.6	1.3
R_XAXXabc	(gene7506 and gene7510 and gene7512)	276.7	1.1
R_XTSNH	gene11662	384.4	1.5
R_XYLANabc	(gene10044 and gene2364)	133.9	0.5
R_XYLK	gene4558	379.0	1.5
R_XYLOS1	gene145	377.9	1.5
R_XYLOS2	gene145	377.9	1.5
R_XYLOS3	gene145	377.9	1.5
R_XYLUt2pp	gene6570	58.43333333333334	0.2
R_XYLabc	((gene10044 and gene2364) or (gene2048 and gene7967))	192.70000000000002	0.7
R_XYLabcpp	((gene4578 and gene7864 and gene7875) or (gene7864 and gene7870 and gene7875))	279.23333333333335	1.1
R_XYLqg	gene4123	891.0	3.5
R_XYLqqg	gene4123	891.0	3.5
R_XYLqqqg	gene4123	891.0	3.5
R_XYLt2	gene4143	156.8	0.6
R_YUMPS	((gene4398 and gene6868) or gene6868 or gene8)	366.3	1.4
R_ZN2abcpp	gene5327	631.3	2.4
R_ZNabc	((gene4540 and gene4542 and gene4543) or (gene4542 and gene4543) or (gene6604 and gene6608 and gene6613) or gene5327)	666.8	2.6
R_ZNabcpp	gene6608	82.93333333333334	0.3
R_cell3abc	(gene7110 and gene7113)	90.89999999999999	0.4
R_cell4abc	(gene7110 and gene7113)	90.89999999999999	0.4
R_cell5abc	(gene7110 and gene7113)	90.89999999999999	0.4
R_pentso3abcpp	gene9694	40.300000000000004	0.2
R_r0191	gene6480	344.0	1.3
R_r0280	gene1140	605.9	2.4
R_r2136	gene9376	347.8	1.3
R_r2465_1	(gene5918 or gene5925 or gene7783)	349.7	1.4
